Symbol,Security
AAPL,APPLE INC.
ABNB,"AIRBNB, INC CL A CMN"
ADBE,ADOBE INC.
ADI,ANALOG DEVICES CMN
ADP,AUTOMATIC DATA PROCS
ADSK,AUTODESK INC
AEP,AMER ELC PWR CO CMN
ALNY,"ALNYLAM PHARMACEUTICALS, INC."
AMAT,APPLIED MATERIALS
AMD,ADV MICRO DEVICES
AMGN,AMGEN
AMZN,AMAZON.COM INC
APP,APPLOVIN CORP CLA CM
ARM,ARM HOLDINGS PLC ADS
ASML,ASML HLDG NY REG
AVGO,BROADCOM INC.
AXON,"AXON ENTERPRISE, INC"
BKNG,BOOKING HOLDINGS INC
BKR,BAKER HUGHES CO
CCEP,COCA-COLA EUROPACIFI
CDNS,CADENCE DESIGN SYS
CEG,CONSTELLATION EN CM
CHTR,CHARTER COMMUNICATIO
CMCSA,COMCAST CORP A
COST,COSTCO WHOLESALE
CPRT,"COPART, INC."
CRWD,CROWDSTRIKE HLD CM A
CSCO,CISCO SYSTEMS INC.
CSGP,COSTAR GROUP INC
CSX,CSX CORPORATION
CTAS,CINTAS CORP
CTSH,COGNIZANT TECH SOL
DASH,"DOORDASH, INC. CL A"
DDOG,DATADOG INC.L A CM
DXCM,DEXCOM
EA,ELECTRONIC ARTS INC
EXC,EXELON CORP CMN STK
FANG,DIAMONDBACK ENERGY
FAST,FASTENAL CO
FER,FERROVIAL SE
FTNT,"FORTINET, INC."
GEHC,GE HEALTHCARE CM
GILD,"GILEAD SCIENCES, INC"
GOOG,ALPHABET CL C CAP
GOOGL,ALPHABET CL A CMN
HON,HONEYWELL INTL INC
IDXX,IDEXX LABORATORIES
INSM,INSMED INCORPORATED
INTC,INTEL CORP
INTU,INTUIT INC
ISRG,"INTUITIVE SURG, INC."
KDP,KEURIG DR PEPPER INC
KHC,KRAFT HEINZ CO CMN
KLAC,KLA CP CMN STK
LIN,LINDE PLC
LRCX,LAM RESEARCH CORP
MAR,MARRIOTT INT CL A CM
MCHP,MICROCHIP TECHNOLOGY
MDLZ,MONDELEZ INTL CMN A
MELI,"MERCADOLIBRE, INC."
META,"META PLATFORMS, INC."
MNST,MONSTER BEVERAGE CP
MPWR,"MONOLITHIC POWER SYSTEMS, INC."
MRVL,MARVELL TECH INC CMN
MSFT,MICROSOFT CORP
MSTR,MICROSTRATEGY INCORPORATED
MU,MICRON TECHNOLOGY
NFLX,"NETFLIX, INC."
NVDA,NVIDIA CORPORATION
NXPI,NXP SEMICONDUCTORS
ODFL,OLD DOMINION FREIG
ORLY,O'REILLY AUTOMOTIVE
PANW,PALO ALTO NTWKS CM
PAYX,"PAYCHEX, INC."
PCAR,PACCAR INC.
PDD,PDD HOLDINGS INC ADS
PEP,PEPSICO INC
PLTR,PALANTIR TECHNOLOGIES INC.
PYPL,PAYPAL HOLDINGS
QCOM,QUALCOMM INC
REGN,REGENERON PHARMACEUT
ROP,ROPER TECH CMN
ROST,"ROSS STORES, INC."
SBUX,STARBUCKS CORP
SHOP,"SHOPIFY, INC."
SNPS,"SYNOPSYS, INC."
STX,SEAGATE TECHNOLOGY HOLDINGS PLC
TEAM,ATLASSIAN CLS A CS
TMUS,T-MOBILE US CMN
TRI,THOMSON REUTERS CORP
TSLA,"TESLA, INC."
TTWO,TAKE-TWO INTERACTI
TXN,TEXAS INSTRUMENTS
VRSK,VERISK ANALYTICS INC
VRTX,VERTEX PHARMACEUTIC
WBD,WRNR BRS DS CM WI
WDAY,WORKDAY INC CL A
WDC,WESTERN DIGITAL CORP.
WMT,WALMART. INC
XEL,XCEL ENERGY CMN
ZS,"ZSCALER, INC. CMN"